image,target
404.jpg,Variety 4
023.jpg,Variety 1
090.jpg,Variety 1
262.jpg,Variety 2
449.jpg,Variety 4
308.jpg,Variety 3
314.jpg,Variety 3
105.jpg,Variety 1
182.jpg,Variety 2
229.jpg,Variety 2
133.jpg,Variety 1
228.jpg,Variety 2
357.jpg,Variety 3
183.jpg,Variety 2
235.jpg,Variety 2
369.jpg,Variety 3
344.jpg,Variety 3
458.jpg,Variety 4
346.jpg,Variety 3
022.jpg,Variety 1
184.jpg,Variety 2
067.jpg,Variety 1
512.jpg,Variety 5
070.jpg,Variety 1
413.jpg,Variety 4
557.jpg,Variety 5
475.jpg,Variety 4
432.jpg,Variety 4
403.jpg,Variety 4
339.jpg,Variety 3
074.jpg,Variety 1
009.jpg,Variety 1
028.jpg,Variety 1
355.jpg,Variety 3
243.jpg,Variety 2
129.jpg,Variety 1
122.jpg,Variety 1
338.jpg,Variety 3
189.jpg,Variety 2
176.jpg,Variety 2
120.jpg,Variety 1
224.jpg,Variety 2
503.jpg,Variety 5
005.jpg,Variety 1
197.jpg,Variety 2
358.jpg,Variety 3
530.jpg,Variety 5
558.jpg,Variety 5
263.jpg,Variety 2
092.jpg,Variety 1
137.jpg,Variety 1
233.jpg,Variety 2
328.jpg,Variety 3
017.jpg,Variety 1
032.jpg,Variety 1
471.jpg,Variety 4
363.jpg,Variety 3
236.jpg,Variety 2
526.jpg,Variety 5
370.jpg,Variety 3
212.jpg,Variety 2
454.jpg,Variety 4
048.jpg,Variety 1
453.jpg,Variety 4
476.jpg,Variety 4
135.jpg,Variety 1
110.jpg,Variety 1
140.jpg,Variety 1
564.jpg,Variety 5
550.jpg,Variety 5
430.jpg,Variety 4
065.jpg,Variety 1
303.jpg,Variety 3
327.jpg,Variety 3
245.jpg,Variety 2
343.jpg,Variety 3
539.jpg,Variety 5
543.jpg,Variety 5
439.jpg,Variety 4
131.jpg,Variety 1
333.jpg,Variety 3
004.jpg,Variety 1
461.jpg,Variety 4
351.jpg,Variety 3
515.jpg,Variety 5
103.jpg,Variety 1
548.jpg,Variety 5
559.jpg,Variety 5
225.jpg,Variety 2
255.jpg,Variety 2
069.jpg,Variety 1
056.jpg,Variety 1
098.jpg,Variety 1
317.jpg,Variety 3
208.jpg,Variety 2
457.jpg,Variety 4
072.jpg,Variety 1
187.jpg,Variety 2
329.jpg,Variety 3
205.jpg,Variety 2
446.jpg,Variety 4
104.jpg,Variety 1
418.jpg,Variety 4
294.jpg,Variety 3
077.jpg,Variety 1
315.jpg,Variety 3
424.jpg,Variety 4
214.jpg,Variety 2
049.jpg,Variety 1
064.jpg,Variety 1
132.jpg,Variety 1
196.jpg,Variety 2
364.jpg,Variety 3
128.jpg,Variety 1
451.jpg,Variety 4
273.jpg,Variety 2
480.jpg,Variety 4
061.jpg,Variety 1
045.jpg,Variety 1
093.jpg,Variety 1
078.jpg,Variety 1
089.jpg,Variety 1
521.jpg,Variety 5
221.jpg,Variety 2
024.jpg,Variety 1
213.jpg,Variety 2
392.jpg,Variety 4
095.jpg,Variety 1
112.jpg,Variety 1
063.jpg,Variety 1
410.jpg,Variety 4
261.jpg,Variety 2
361.jpg,Variety 3
099.jpg,Variety 1
549.jpg,Variety 5
107.jpg,Variety 1
250.jpg,Variety 2
427.jpg,Variety 4
477.jpg,Variety 4
248.jpg,Variety 2
306.jpg,Variety 3
201.jpg,Variety 2
307.jpg,Variety 3
335.jpg,Variety 3
060.jpg,Variety 1
116.jpg,Variety 1
220.jpg,Variety 2
265.jpg,Variety 2
030.jpg,Variety 1
450.jpg,Variety 4
470.jpg,Variety 4
433.jpg,Variety 4
395.jpg,Variety 4
130.jpg,Variety 1
551.jpg,Variety 5
348.jpg,Variety 3
302.jpg,Variety 3
527.jpg,Variety 5
001.jpg,Variety 1
366.jpg,Variety 3
459.jpg,Variety 4
080.jpg,Variety 1
428.jpg,Variety 4
037.jpg,Variety 1
445.jpg,Variety 4
326.jpg,Variety 3
421.jpg,Variety 4
003.jpg,Variety 1
295.jpg,Variety 3
510.jpg,Variety 5
253.jpg,Variety 2
452.jpg,Variety 4
234.jpg,Variety 2
434.jpg,Variety 4
027.jpg,Variety 1
524.jpg,Variety 5
316.jpg,Variety 3
429.jpg,Variety 4
033.jpg,Variety 1
014.jpg,Variety 1
101.jpg,Variety 1
075.jpg,Variety 1
441.jpg,Variety 4
249.jpg,Variety 2
257.jpg,Variety 2
266.jpg,Variety 2
546.jpg,Variety 5
166.jpg,Variety 2
545.jpg,Variety 5
222.jpg,Variety 2
191.jpg,Variety 2
058.jpg,Variety 1
321.jpg,Variety 3
359.jpg,Variety 3
035.jpg,Variety 1
168.jpg,Variety 2
068.jpg,Variety 1
264.jpg,Variety 2
216.jpg,Variety 2
178.jpg,Variety 2
555.jpg,Variety 5
207.jpg,Variety 2
444.jpg,Variety 4
528.jpg,Variety 5
447.jpg,Variety 4
109.jpg,Variety 1
271.jpg,Variety 2
552.jpg,Variety 5
360.jpg,Variety 3
518.jpg,Variety 5
136.jpg,Variety 1
215.jpg,Variety 2
514.jpg,Variety 5
025.jpg,Variety 1
422.jpg,Variety 4
269.jpg,Variety 2
465.jpg,Variety 4
414.jpg,Variety 4
254.jpg,Variety 2
509.jpg,Variety 5
272.jpg,Variety 2
538.jpg,Variety 5
542.jpg,Variety 5
227.jpg,Variety 2
066.jpg,Variety 1
164.jpg,Variety 2
126.jpg,Variety 1
097.jpg,Variety 1
301.jpg,Variety 3
406.jpg,Variety 4
038.jpg,Variety 1
246.jpg,Variety 2
365.jpg,Variety 3
310.jpg,Variety 3
511.jpg,Variety 5
534.jpg,Variety 5
117.jpg,Variety 1
175.jpg,Variety 2
012.jpg,Variety 1
034.jpg,Variety 1
209.jpg,Variety 2
345.jpg,Variety 3
462.jpg,Variety 4
081.jpg,Variety 1
002.jpg,Variety 1
008.jpg,Variety 1
232.jpg,Variety 2
256.jpg,Variety 2
013.jpg,Variety 1
562.jpg,Variety 5
186.jpg,Variety 2
340.jpg,Variety 3
231.jpg,Variety 2
083.jpg,Variety 1
219.jpg,Variety 2
405.jpg,Variety 4
258.jpg,Variety 2
561.jpg,Variety 5
505.jpg,Variety 5
342.jpg,Variety 3
188.jpg,Variety 2
073.jpg,Variety 1
267.jpg,Variety 2
435.jpg,Variety 4
463.jpg,Variety 4
217.jpg,Variety 2
169.jpg,Variety 2
416.jpg,Variety 4
007.jpg,Variety 1
394.jpg,Variety 4
050.jpg,Variety 1
051.jpg,Variety 1
238.jpg,Variety 2
084.jpg,Variety 1
299.jpg,Variety 3
440.jpg,Variety 4
239.jpg,Variety 2
417.jpg,Variety 4
325.jpg,Variety 3
044.jpg,Variety 1
055.jpg,Variety 1
320.jpg,Variety 3
554.jpg,Variety 5
015.jpg,Variety 1
096.jpg,Variety 1
106.jpg,Variety 1
415.jpg,Variety 4
516.jpg,Variety 5
419.jpg,Variety 4
309.jpg,Variety 3
041.jpg,Variety 1
397.jpg,Variety 4
331.jpg,Variety 3
071.jpg,Variety 1
114.jpg,Variety 1
533.jpg,Variety 5
179.jpg,Variety 2
522.jpg,Variety 5
195.jpg,Variety 2
517.jpg,Variety 5
119.jpg,Variety 1
206.jpg,Variety 2
474.jpg,Variety 4
108.jpg,Variety 1
042.jpg,Variety 1
085.jpg,Variety 1
192.jpg,Variety 2
185.jpg,Variety 2
547.jpg,Variety 5
556.jpg,Variety 5
354.jpg,Variety 3
040.jpg,Variety 1
079.jpg,Variety 1
353.jpg,Variety 3
508.jpg,Variety 5
198.jpg,Variety 2
436.jpg,Variety 4
541.jpg,Variety 5
468.jpg,Variety 4
506.jpg,Variety 5
368.jpg,Variety 3
519.jpg,Variety 5
171.jpg,Variety 2
467.jpg,Variety 4
438.jpg,Variety 4
313.jpg,Variety 3
298.jpg,Variety 3
304.jpg,Variety 3
018.jpg,Variety 1
464.jpg,Variety 4
087.jpg,Variety 1
241.jpg,Variety 2
167.jpg,Variety 2
268.jpg,Variety 2
478.jpg,Variety 4
193.jpg,Variety 2
407.jpg,Variety 4
047.jpg,Variety 1
270.jpg,Variety 2
535.jpg,Variety 5
466.jpg,Variety 4
409.jpg,Variety 4
391.jpg,Variety 4
177.jpg,Variety 2
252.jpg,Variety 2
173.jpg,Variety 2
412.jpg,Variety 4
057.jpg,Variety 1
029.jpg,Variety 1
437.jpg,Variety 4
011.jpg,Variety 1
300.jpg,Variety 3
016.jpg,Variety 1
525.jpg,Variety 5
100.jpg,Variety 1
172.jpg,Variety 2
469.jpg,Variety 4
537.jpg,Variety 5
296.jpg,Variety 3
242.jpg,Variety 2
091.jpg,Variety 1
532.jpg,Variety 5
502.jpg,Variety 5
199.jpg,Variety 2
123.jpg,Variety 1
420.jpg,Variety 4
560.jpg,Variety 5
529.jpg,Variety 5
401.jpg,Variety 4
523.jpg,Variety 5
036.jpg,Variety 1
118.jpg,Variety 1
062.jpg,Variety 1
411.jpg,Variety 4
460.jpg,Variety 4
181.jpg,Variety 2
323.jpg,Variety 3
425.jpg,Variety 4
332.jpg,Variety 3
337.jpg,Variety 3
356.jpg,Variety 3
006.jpg,Variety 1
402.jpg,Variety 4
330.jpg,Variety 3
443.jpg,Variety 4
297.jpg,Variety 3
127.jpg,Variety 1
504.jpg,Variety 5
513.jpg,Variety 5
180.jpg,Variety 2
046.jpg,Variety 1
226.jpg,Variety 2
324.jpg,Variety 3
174.jpg,Variety 2
223.jpg,Variety 2
319.jpg,Variety 3
312.jpg,Variety 3
200.jpg,Variety 2
479.jpg,Variety 4
448.jpg,Variety 4
259.jpg,Variety 2
102.jpg,Variety 1
054.jpg,Variety 1
247.jpg,Variety 2
520.jpg,Variety 5
010.jpg,Variety 1
113.jpg,Variety 1
053.jpg,Variety 1
039.jpg,Variety 1
163.jpg,Variety 2
563.jpg,Variety 5
043.jpg,Variety 1
350.jpg,Variety 3
399.jpg,Variety 4
341.jpg,Variety 3
431.jpg,Variety 4
139.jpg,Variety 1
162.jpg,Variety 2
121.jpg,Variety 1
393.jpg,Variety 4
408.jpg,Variety 4
165.jpg,Variety 2
210.jpg,Variety 2
170.jpg,Variety 2
456.jpg,Variety 4
507.jpg,Variety 5
244.jpg,Variety 2
031.jpg,Variety 1
531.jpg,Variety 5
305.jpg,Variety 3
088.jpg,Variety 1
230.jpg,Variety 2
141.jpg,Variety 1
211.jpg,Variety 2
349.jpg,Variety 3
138.jpg,Variety 1
076.jpg,Variety 1
237.jpg,Variety 2
426.jpg,Variety 4
026.jpg,Variety 1
204.jpg,Variety 2
260.jpg,Variety 2
553.jpg,Variety 5
059.jpg,Variety 1
124.jpg,Variety 1
094.jpg,Variety 1
111.jpg,Variety 1
052.jpg,Variety 1
540.jpg,Variety 5
398.jpg,Variety 4
020.jpg,Variety 1
190.jpg,Variety 2
473.jpg,Variety 4
203.jpg,Variety 2
362.jpg,Variety 3
322.jpg,Variety 3
318.jpg,Variety 3
336.jpg,Variety 3
367.jpg,Variety 3
115.jpg,Variety 1
536.jpg,Variety 5
442.jpg,Variety 4
352.jpg,Variety 3
019.jpg,Variety 1
311.jpg,Variety 3
400.jpg,Variety 4
021.jpg,Variety 1
334.jpg,Variety 3
544.jpg,Variety 5
240.jpg,Variety 2
202.jpg,Variety 2
134.jpg,Variety 1
501.jpg,Variety 5
194.jpg,Variety 2
396.jpg,Variety 4
423.jpg,Variety 4
472.jpg,Variety 4
125.jpg,Variety 1
251.jpg,Variety 2
086.jpg,Variety 1
218.jpg,Variety 2
347.jpg,Variety 3
082.jpg,Variety 1
455.jpg,Variety 4
